{"cameraMode":{"drawMode":0,"name":"Shaded","section":"Shading Mode"},"sceneLighting":true,"audioPlay":false,"sceneViewState":{"m_AlwaysRefresh":false,"showFog":true,"showSkybox":true,"showFlares":true,"showImageEffects":true,"showParticleSystems":true,"showVisualEffectGraphs":true,"m_FxEnabled":true},"in2DMode":false,"pivot":{"x":-12.989999771118164,"y":3.5399999618530275,"z":11.540000915527344},"rotation":{"x":-0.041712407022714618,"y":0.7052240967750549,"z":-0.04141516610980034,"w":-0.7068572640419006},"size":12.124356269836426,"orthographic":false}